sale_price,square_feet,bedrooms,bathrooms,age_years,lot_size,garage_spaces,has_pool,neighborhood,quality_rating
467290.0,966.0,1,4,74.0,15838,2,0,Suburban,10
785473.0,3397.0,4,3,5.0,3546,2,0,Rural,3
716252.0,2973.0,5,3,33.0,16939,2,1,Suburban,1
580423.0,2208.0,5,4,38.0,3701,2,0,Suburban,8
567857.0,2187.0,2,2,67.0,2542,2,0,Waterfront,6
862987.0,3698.0,3,4,10.0,3864,1,0,Suburban,9
358493.0,955.0,3,4,36.0,10926,1,0,Waterfront,2
828736.0,3125.0,2,3,12.0,14201,1,1,Rural,1
485680.0,1365.0,2,4,,9850,1,1,Downtown,6
409192.0,984.0,2,4,53.0,4000,2,1,Suburban,9
619555.0,2519.0,5,2,42.0,5582,1,0,Suburban,5
1011500.0,4113.0,4,4,33.0,18973,1,0,Waterfront,8
904029.0,3261.0,5,2,13.0,21233,0,0,Suburban,10
901946.0,3352.0,5,2,78.0,16962,2,0,Downtown,9
744512.0,3197.0,5,3,55.0,3619,1,0,Suburban,6
886880.0,3440.0,1,4,27.0,18306,1,0,Downtown,7
753929.0,2471.0,5,2,35.0,15685,1,1,Rural,6
321341.0,1104.0,1,2,61.0,12284,0,0,Suburban,7
781924.0,3631.0,3,1,61.0,4436,1,0,Rural,6
677916.0,2248.0,3,1,39.0,21931,2,0,Rural,6
547578.0,2426.0,2,2,25.0,10573,1,0,Suburban,5
377400.0,1966.0,1,2,56.0,2405,0,0,Suburban,7
375725.0,1298.0,1,4,55.0,5804,1,0,Rural,8
947894.0,3940.0,5,4,50.0,9725,0,1,Rural,10
804519.0,3424.0,2,4,,2777,1,0,Rural,7
652743.0,2935.0,2,1,40.0,8140,1,0,Downtown,2
615633.0,2078.0,5,1,52.0,11102,0,0,Suburban,6
781511.0,3570.0,1,2,80.0,20947,2,0,Downtown,4
576786.0,2586.0,5,3,44.0,3270,0,0,Rural,1
655267.0,2224.0,5,3,29.0,13325,2,0,Suburban,1
653967.0,2249.0,3,2,47.0,20273,2,0,Suburban,6
520158.0,1456.0,1,1,15.0,18026,0,0,Downtown,10
434615.0,977.0,1,4,7.0,20461,1,0,Suburban,6
609481.0,2618.0,2,2,57.0,4991,0,0,Suburban,5
769016.0,,3,2,83.0,17927,0,0,Downtown,1
489673.0,876.0,1,3,71.0,21561,2,0,Downtown,7
817985.0,3696.0,3,4,49.0,8183,2,0,Rural,1
870844.0,3588.0,1,1,3.0,11722,0,0,Rural,9
468593.0,1632.0,3,3,83.0,12382,0,0,Downtown,9
717540.0,2892.0,1,4,38.0,11620,0,0,Downtown,10
412679.0,1236.0,4,3,24.0,7440,1,0,Waterfront,3
752126.0,3341.0,1,4,75.0,21403,0,0,Suburban,2
725436.0,3136.0,1,2,63.0,21108,0,0,Suburban,3
486865.0,1908.0,1,3,63.0,9305,1,0,Suburban,8
442113.0,891.0,5,3,23.0,18008,0,1,Downtown,3
853576.0,4095.0,1,2,84.0,9649,2,0,Downtown,9
712086.0,2232.0,3,2,38.0,17793,2,0,Rural,2
874098.0,3820.0,3,4,45.0,13487,2,0,Downtown,1
723193.0,3056.0,3,3,63.0,11138,0,0,Downtown,3
770960.0,3413.0,4,1,56.0,4125,2,0,Rural,8
913050.0,3347.0,5,3,14.0,14919,2,0,Waterfront,7
368875.0,1340.0,2,3,25.0,8082,0,0,Rural,4
593918.0,1941.0,5,4,30.0,5945,2,0,Suburban,7
554679.0,2306.0,2,4,,5460,1,0,Suburban,7
763951.0,2417.0,5,1,60.0,21628,2,0,Suburban,6
356504.0,805.0,3,4,31.0,3617,1,0,Suburban,6
736217.0,2590.0,4,3,62.0,17869,2,0,Suburban,2
472489.0,1197.0,5,4,62.0,19255,0,0,Suburban,3
802190.0,3288.0,4,3,33.0,2136,1,0,Suburban,6
739523.0,3074.0,5,3,34.0,13581,0,0,Rural,2
917230.0,3924.0,3,4,76.0,13336,0,0,Waterfront,5
669745.0,3293.0,1,3,47.0,8852,0,0,Downtown,2
594524.0,1951.0,3,1,12.0,15167,1,0,Suburban,8
776826.0,4084.0,1,4,61.0,9877,0,0,Downtown,2
668893.0,2108.0,5,4,50.0,10513,2,0,Suburban,1
545508.0,1806.0,2,2,43.0,10346,1,0,Downtown,7
886179.0,3864.0,2,4,61.0,17913,2,0,Downtown,3
591614.0,1965.0,2,4,77.0,14479,2,0,Rural,4
391945.0,921.0,4,3,28.0,9270,0,0,Suburban,4
695294.0,2316.0,3,2,35.0,20498,0,0,Waterfront,3
893420.0,3474.0,5,3,16.0,17942,1,1,Downtown,8
483339.0,1322.0,3,1,55.0,20621,1,0,Downtown,7
596989.0,2293.0,2,4,34.0,16475,0,0,Suburban,3
383462.0,1111.0,1,4,29.0,9525,2,0,Downtown,7
785209.0,3086.0,1,2,59.0,17345,1,0,Downtown,8
602461.0,2338.0,2,1,,8249,2,0,Waterfront,6
552983.0,1822.0,5,4,39.0,7054,0,0,Downtown,6
605663.0,1455.0,3,2,37.0,10746,2,0,Downtown,10
754785.0,2653.0,5,2,21.0,21370,0,1,Suburban,5
746159.0,3027.0,1,4,10.0,13142,1,0,Suburban,4
845180.0,3988.0,1,4,70.0,9365,1,0,Suburban,6
772902.0,2201.0,5,4,7.0,10967,2,1,Suburban,9
395823.0,1220.0,1,4,27.0,7469,0,0,Rural,8
736724.0,3606.0,1,3,56.0,15004,0,0,Downtown,1
754040.0,2885.0,3,2,11.0,8683,1,0,Suburban,5
815304.0,,5,4,55.0,12865,1,0,Suburban,8
278146.0,995.0,4,4,62.0,9081,0,0,Rural,3
449516.0,1758.0,1,4,56.0,8074,0,0,Suburban,10
961976.0,3375.0,5,4,25.0,21389,0,0,Suburban,9
908311.0,3604.0,5,1,1.0,8587,1,0,Downtown,9
484594.0,2195.0,5,4,75.0,2945,1,0,Downtown,1
834205.0,3506.0,5,2,27.0,9261,1,0,Downtown,6
841223.0,3638.0,2,4,68.0,12408,2,0,Rural,6
596196.0,2025.0,5,2,16.0,3440,0,1,Downtown,7
878705.0,3838.0,2,3,13.0,7766,2,0,Rural,9
437339.0,1673.0,5,1,66.0,4904,2,0,Downtown,4
444115.0,1500.0,3,4,79.0,11763,0,0,Rural,6
746538.0,3072.0,4,4,73.0,16323,0,0,Rural,7
772788.0,2910.0,4,2,63.0,21353,0,0,Downtown,8
409397.0,1146.0,4,3,20.0,9476,0,0,Downtown,8
844083.0,3606.0,4,2,77.0,19196,1,0,Downtown,4
487833.0,1359.0,4,3,56.0,5898,0,1,Rural,10
865433.0,3507.0,4,4,14.0,17500,0,0,Downtown,1
354802.0,676.0,1,1,10.0,13034,1,0,Suburban,5
857962.0,3478.0,5,2,74.0,17042,2,0,Suburban,7
785055.0,3443.0,3,2,23.0,16988,0,1,Rural,1
769713.0,3420.0,2,1,65.0,12414,2,0,Suburban,5
796128.0,3010.0,3,4,11.0,6777,1,0,Suburban,6
714974.0,2324.0,5,4,23.0,12286,2,0,Waterfront,7
748655.0,3153.0,5,1,24.0,18449,0,0,Downtown,2
590311.0,1633.0,5,4,23.0,21398,1,0,Rural,3
851423.0,3421.0,3,1,57.0,20513,2,1,Downtown,3
588092.0,2622.0,4,2,77.0,5220,0,1,Suburban,7
604940.0,2279.0,2,3,77.0,13746,2,0,Rural,4
583434.0,2444.0,4,1,63.0,3644,1,0,Suburban,6
782003.0,2669.0,4,2,17.0,15213,1,0,Suburban,8
467254.0,782.0,2,4,81.0,21842,1,1,Downtown,8
370635.0,1146.0,2,4,46.0,2577,1,0,Suburban,2
464415.0,1521.0,1,3,46.0,14959,0,0,Suburban,10
396051.0,1056.0,1,3,59.0,20883,2,0,Suburban,2
566751.0,2210.0,3,1,65.0,18867,1,0,Suburban,1
637671.0,3022.0,3,1,80.0,9545,2,0,Suburban,1
610175.0,2973.0,1,3,49.0,3630,1,1,Suburban,3
678768.0,2322.0,3,1,51.0,20439,1,1,Downtown,9
882190.0,3685.0,4,4,63.0,20387,1,1,Suburban,3
725079.0,2656.0,2,4,21.0,13369,2,0,Downtown,7
481325.0,931.0,2,4,26.0,21567,2,0,Rural,5
744668.0,3365.0,2,4,53.0,1594,2,0,Suburban,1
744479.0,2689.0,3,3,5.0,14140,1,0,Downtown,5
734541.0,2903.0,2,3,27.0,2290,2,0,Suburban,1
726433.0,2657.0,4,3,61.0,20681,1,0,Rural,5
641470.0,2615.0,2,4,82.0,15448,1,0,Downtown,6
488942.0,971.0,3,4,44.0,20225,2,0,Downtown,6
656244.0,2635.0,2,4,33.0,13034,0,0,Downtown,3
799870.0,3471.0,1,3,37.0,3206,2,0,Downtown,8
496506.0,1729.0,4,2,58.0,2043,0,0,Rural,6
617250.0,2790.0,2,3,46.0,8379,1,0,Waterfront,3
455862.0,759.0,2,3,1.0,16740,1,0,Downtown,5
495188.0,1883.0,4,3,45.0,4596,1,0,Rural,2
666726.0,2200.0,5,3,34.0,18968,1,0,Downtown,10
936718.0,4138.0,4,4,59.0,6409,1,0,Suburban,8
472070.0,1411.0,5,2,74.0,11676,1,0,Rural,3
445246.0,1631.0,5,4,81.0,5663,1,0,Suburban,7
593662.0,2100.0,3,4,51.0,11048,1,0,Downtown,7
920201.0,4173.0,4,2,30.0,10769,2,0,Suburban,7
693998.0,3679.0,2,2,37.0,1612,1,0,Waterfront,1
470150.0,773.0,3,3,14.0,13140,1,0,Downtown,9
532706.0,1480.0,3,4,79.0,17626,2,0,Downtown,10
907405.0,3566.0,5,4,72.0,20693,2,0,Downtown,10
378113.0,856.0,5,4,72.0,8279,0,0,Suburban,10
947810.0,3687.0,3,2,27.0,19552,2,0,Suburban,10
570691.0,1648.0,4,3,27.0,19514,0,0,Rural,8
856232.0,3907.0,2,2,72.0,21761,0,0,Rural,1
515816.0,1692.0,5,4,46.0,9147,2,0,Rural,5
545540.0,2191.0,3,2,59.0,18943,0,0,Rural,3
754636.0,2999.0,3,3,41.0,13084,2,0,Downtown,3
456544.0,1098.0,4,2,37.0,2694,2,0,Suburban,9
744987.0,2627.0,4,4,53.0,7042,2,0,Downtown,9
617315.0,2442.0,1,3,69.0,15277,2,0,Suburban,6
849186.0,3432.0,2,2,28.0,4792,2,1,Waterfront,8
802552.0,4186.0,1,4,68.0,10412,0,0,Suburban,2
872446.0,3008.0,4,3,20.0,17385,2,0,Waterfront,3
521983.0,2102.0,1,4,34.0,4570,0,1,Suburban,9
557557.0,2092.0,2,4,77.0,11680,0,0,Suburban,5
480192.0,2133.0,3,4,81.0,5904,0,0,Suburban,6
841646.0,3539.0,4,1,78.0,12498,1,0,Downtown,5
535663.0,1790.0,3,2,26.0,6434,2,0,Downtown,3
466472.0,1242.0,5,3,71.0,21291,0,0,Suburban,9
507825.0,1836.0,5,4,79.0,3072,2,0,Downtown,8
412366.0,730.0,1,4,83.0,21253,1,1,Waterfront,7
549969.0,1026.0,5,4,1.0,17733,1,0,Downtown,4
476820.0,969.0,4,4,63.0,19040,2,0,Downtown,7
835535.0,3389.0,4,2,84.0,18955,1,0,Rural,10
708716.0,3214.0,1,2,64.0,5345,1,0,Downtown,7
864302.0,3123.0,4,2,19.0,20587,2,0,Waterfront,5
556421.0,2289.0,4,3,64.0,13682,1,0,Rural,3
834349.0,3195.0,3,2,8.0,21224,1,0,Downtown,6
421766.0,1222.0,1,1,40.0,19502,0,0,Suburban,4
899769.0,3847.0,3,3,53.0,13382,0,0,Suburban,7
637323.0,2428.0,5,2,38.0,9176,0,0,Rural,1
824600.0,3980.0,4,4,59.0,3904,0,0,Rural,2
402090.0,1190.0,1,4,20.0,3572,0,0,Suburban,8
675319.0,2415.0,5,3,51.0,9489,2,0,Suburban,4
756398.0,3121.0,5,3,54.0,18124,0,0,Suburban,5
591957.0,2409.0,1,2,53.0,11859,1,0,Suburban,6
645504.0,2233.0,5,3,24.0,11376,2,0,Waterfront,5
417158.0,1240.0,3,1,,6511,2,0,Suburban,8
594788.0,2002.0,3,3,21.0,13070,1,0,Suburban,3
519887.0,1497.0,3,4,39.0,14580,0,0,Suburban,8
597479.0,1720.0,4,1,49.0,21633,2,0,Rural,3
797389.0,3077.0,5,3,30.0,16453,0,0,Waterfront,4
787791.0,2887.0,4,3,34.0,13947,2,0,Downtown,6
860204.0,2805.0,5,2,24.0,20156,2,0,Downtown,9
557259.0,1934.0,5,3,18.0,10212,0,0,Suburban,3
967632.0,4056.0,1,3,55.0,20666,2,0,Suburban,6
284099.0,961.0,2,4,69.0,9084,0,1,Suburban,1
486958.0,1866.0,4,3,24.0,4119,0,0,Downtown,1
462438.0,1068.0,3,4,73.0,10061,2,1,Suburban,8
500177.0,1853.0,1,4,48.0,4139,2,0,Suburban,8
863666.0,4064.0,1,4,14.0,3927,0,1,Suburban,4
666042.0,1950.0,3,4,31.0,19564,2,1,Suburban,7
964037.0,3875.0,4,2,0.0,17792,2,0,Rural,4
601518.0,2407.0,1,4,3.0,6034,2,0,Suburban,3
832022.0,3133.0,1,4,28.0,18673,0,1,Rural,5
566701.0,2273.0,1,4,38.0,2912,0,1,Suburban,4
542639.0,1593.0,3,4,67.0,7330,2,1,Suburban,9
926400.0,3363.0,1,4,11.0,15975,2,0,Suburban,5
873252.0,4090.0,3,4,71.0,7727,2,0,Downtown,4
649636.0,1585.0,3,2,19.0,16475,1,0,Downtown,6
885202.0,3414.0,3,4,11.0,19423,0,0,Suburban,8
451116.0,1577.0,4,3,,2854,2,0,Rural,3
688875.0,3194.0,3,4,65.0,1991,0,0,Suburban,10
875788.0,3450.0,4,3,51.0,20770,1,0,Downtown,5
735862.0,2245.0,4,4,9.0,12169,2,0,Suburban,7
864563.0,3266.0,5,2,9.0,11882,1,0,Downtown,10
544776.0,1616.0,4,2,33.0,11005,0,0,Rural,5
356580.0,931.0,3,4,38.0,10389,0,0,Rural,2
408647.0,992.0,3,3,84.0,15647,1,0,Suburban,8
598033.0,2236.0,2,4,24.0,13384,2,0,Suburban,1
873466.0,3854.0,3,3,16.0,4849,1,0,Suburban,5
425986.0,1102.0,1,3,80.0,14346,2,0,Suburban,10
673046.0,2268.0,5,4,13.0,15200,0,1,Rural,5
801771.0,3149.0,5,4,2.0,3828,2,0,Rural,7
557949.0,1368.0,1,4,35.0,9223,2,0,Suburban,6
800955.0,3211.0,4,3,34.0,17705,1,0,Suburban,3
482151.0,1736.0,1,4,52.0,14183,2,0,Downtown,4
722786.0,3520.0,4,2,74.0,4295,1,0,Downtown,6
559980.0,2706.0,1,4,79.0,2321,1,1,Downtown,2
718075.0,2591.0,3,1,24.0,13414,2,0,Suburban,5
439991.0,1277.0,4,2,83.0,10965,2,0,Waterfront,5
759858.0,2294.0,4,4,53.0,21201,2,0,Suburban,9
832742.0,3690.0,3,4,5.0,12206,0,0,Downtown,2
467568.0,719.0,5,4,79.0,20595,2,0,Downtown,9
757283.0,3342.0,4,4,11.0,5893,0,0,Suburban,5
610260.0,2399.0,2,4,50.0,10670,1,0,Rural,7
698588.0,3204.0,4,3,67.0,4362,1,1,Suburban,6
715162.0,3004.0,4,2,21.0,13271,1,0,Rural,3
645550.0,2183.0,2,1,23.0,5363,2,0,Rural,10
576225.0,1745.0,4,2,40.0,11591,2,1,Downtown,3
634878.0,2876.0,5,1,75.0,8554,0,0,Suburban,1
437466.0,1147.0,5,3,,5307,0,0,Waterfront,8
656954.0,2723.0,4,4,56.0,3484,0,0,Suburban,7
426210.0,986.0,4,4,38.0,11997,2,0,Downtown,9
825713.0,2956.0,2,2,9.0,20920,1,0,Waterfront,5
673557.0,2882.0,4,4,60.0,5574,2,0,Rural,1
359725.0,949.0,2,4,,9802,2,0,Suburban,1
791741.0,3339.0,3,4,48.0,6104,2,0,Suburban,5
566619.0,2126.0,2,2,14.0,18083,0,0,Downtown,3
782739.0,3443.0,2,3,13.0,10005,0,0,Rural,10
376214.0,797.0,1,4,35.0,21475,1,0,Suburban,2
479637.0,1287.0,5,2,43.0,6525,1,0,Downtown,9
582139.0,2403.0,1,3,46.0,3155,2,0,Suburban,3
382630.0,1318.0,1,2,20.0,13441,0,1,Waterfront,2
543296.0,1821.0,5,4,42.0,14859,1,0,Rural,3
752103.0,2995.0,3,4,25.0,21810,0,0,Downtown,2
420312.0,1163.0,3,1,58.0,19363,0,1,Downtown,5
678814.0,3055.0,4,1,67.0,19625,0,0,Waterfront,4
342756.0,1017.0,2,4,55.0,14501,0,0,Waterfront,6
444247.0,1271.0,1,4,0.0,8876,1,0,Suburban,6
624229.0,2736.0,4,4,84.0,10295,1,0,Suburban,1
713705.0,3466.0,1,2,2.0,4241,1,0,Suburban,2
369459.0,1255.0,3,4,84.0,10337,1,0,Suburban,2
597598.0,1714.0,5,2,2.0,8970,2,0,Downtown,2
810660.0,3934.0,5,4,43.0,2235,2,0,Downtown,1
888423.0,4163.0,2,2,9.0,5691,1,0,Downtown,4
771118.0,2712.0,4,2,8.0,12459,1,0,Rural,6
576296.0,2236.0,4,2,58.0,9071,2,0,Downtown,4
576633.0,1881.0,3,2,61.0,21867,2,0,Downtown,4
735808.0,2824.0,1,4,10.0,11309,0,0,Suburban,5
692455.0,2747.0,2,1,83.0,21153,2,0,Downtown,6
560607.0,,4,2,27.0,15044,0,0,Downtown,4
319460.0,730.0,5,1,27.0,2328,1,0,Suburban,3
389288.0,1187.0,1,4,25.0,5670,1,0,Suburban,5
931382.0,4052.0,4,3,39.0,15968,1,0,Suburban,1
645693.0,2134.0,5,4,15.0,12674,0,0,Waterfront,5
728151.0,2362.0,5,3,36.0,7686,2,0,Downtown,10
600075.0,2308.0,3,3,17.0,12202,0,0,Waterfront,4
837007.0,3428.0,1,4,4.0,20011,0,0,Waterfront,2
395183.0,880.0,2,1,31.0,9468,2,0,Rural,8
374207.0,943.0,5,4,57.0,2424,2,0,Suburban,2
400298.0,1629.0,5,3,64.0,7874,0,0,Suburban,2
743595.0,2377.0,4,3,30.0,20685,2,0,Suburban,2
824472.0,3032.0,1,2,27.0,17116,2,0,Suburban,9
605380.0,2392.0,1,4,66.0,18668,0,0,Downtown,10
684214.0,2216.0,3,3,57.0,20187,1,0,Waterfront,6
880856.0,3979.0,3,1,70.0,3908,1,0,Suburban,7
396796.0,1221.0,1,4,77.0,7294,0,1,Rural,7
622350.0,2679.0,4,1,69.0,2726,0,0,Suburban,7
523793.0,2574.0,3,1,79.0,1597,0,0,Downtown,6
619420.0,2330.0,1,4,35.0,18611,0,0,Suburban,10
813962.0,3516.0,1,2,33.0,20707,1,0,Suburban,8
460514.0,1597.0,3,4,27.0,4693,1,0,Suburban,1
909266.0,4035.0,4,2,19.0,16304,0,0,Suburban,4
526522.0,1827.0,5,1,63.0,12465,0,1,Downtown,10
588450.0,2584.0,3,4,60.0,2919,0,1,Suburban,5
688255.0,2498.0,2,3,68.0,20272,2,0,Suburban,3
906034.0,3666.0,5,3,14.0,19360,0,0,Waterfront,9
636324.0,2208.0,3,3,41.0,13132,2,0,Downtown,7
609084.0,1660.0,2,3,18.0,16011,1,0,Suburban,6
285917.0,726.0,3,2,75.0,9643,2,0,Downtown,5
624466.0,1941.0,1,4,22.0,17753,1,1,Suburban,2
786940.0,,2,2,12.0,10622,0,0,Suburban,4
422814.0,685.0,3,3,48.0,21778,1,0,Suburban,5
860446.0,3831.0,5,4,74.0,2793,0,0,Waterfront,10
584256.0,2577.0,4,3,77.0,5029,0,0,Downtown,4
518674.0,1147.0,4,3,8.0,21359,0,0,Suburban,2
458233.0,1722.0,3,2,27.0,7420,0,1,Downtown,5
685609.0,2616.0,1,1,13.0,7868,0,0,Downtown,10
511734.0,1770.0,2,2,26.0,17721,0,0,Suburban,5
422893.0,1035.0,5,4,45.0,5381,2,0,Downtown,4
774791.0,3014.0,1,3,23.0,12027,1,1,Suburban,7
808465.0,3036.0,5,3,5.0,7363,1,0,Suburban,7
415066.0,1072.0,4,4,43.0,5557,2,0,Rural,3
597186.0,1648.0,2,4,4.0,21269,0,0,Suburban,10
461431.0,1515.0,4,4,19.0,5597,1,0,Suburban,6
779344.0,2990.0,5,2,0.0,3432,2,1,Suburban,1
816280.0,3242.0,1,3,7.0,15315,1,0,Downtown,5
891210.0,3230.0,1,3,37.0,19279,1,1,Downtown,10
781499.0,3982.0,4,2,72.0,4113,0,0,Suburban,4
747717.0,3378.0,5,2,65.0,16010,0,0,Waterfront,6
555869.0,1788.0,1,1,8.0,12586,0,0,Downtown,7
494821.0,1032.0,4,3,2.0,18515,0,0,Suburban,8
714992.0,2831.0,1,3,28.0,4102,2,0,Rural,9
903627.0,3901.0,4,4,55.0,21505,1,0,Rural,2
988267.0,4111.0,4,4,63.0,14191,1,0,Suburban,6
461792.0,1467.0,1,2,69.0,18764,2,0,Suburban,6
450941.0,1489.0,4,3,29.0,8920,0,1,Suburban,2
464170.0,782.0,5,2,14.0,20839,0,0,Rural,7
464173.0,1151.0,5,4,2.0,14340,1,0,Downtown,2
666844.0,2619.0,1,3,12.0,4102,2,0,Waterfront,5
783144.0,2591.0,2,2,5.0,20419,1,0,Downtown,4
545786.0,1966.0,2,4,73.0,17813,2,0,Rural,2
543249.0,1750.0,3,3,,7654,0,0,Downtown,9
710896.0,3595.0,1,4,69.0,12686,2,0,Downtown,3
576920.0,2283.0,5,3,47.0,9455,0,0,Downtown,3
838442.0,3519.0,4,4,45.0,12641,0,0,Suburban,9
1010691.0,4069.0,5,4,38.0,21290,1,0,Suburban,9
495479.0,1775.0,1,2,69.0,19927,0,0,Downtown,1
455087.0,1369.0,1,4,3.0,5918,2,0,Suburban,3
1068261.0,4032.0,5,3,7.0,21421,2,0,Suburban,8
715532.0,2903.0,2,3,35.0,10477,1,0,Rural,8
497626.0,1682.0,4,1,33.0,15949,0,0,Rural,10
699511.0,2857.0,5,2,46.0,17166,0,0,Suburban,6
605805.0,2478.0,1,4,62.0,11400,1,0,Downtown,1
808230.0,3864.0,1,2,49.0,10861,1,1,Downtown,9
474305.0,1558.0,1,4,21.0,10856,2,0,Waterfront,2
937572.0,4169.0,1,4,27.0,19182,1,0,Downtown,2
886724.0,3972.0,1,4,63.0,9419,0,0,Suburban,7
500536.0,1291.0,5,4,17.0,7238,0,0,Waterfront,7
410035.0,1234.0,4,3,42.0,8912,2,0,Waterfront,1
613593.0,2542.0,5,1,45.0,5495,0,0,Suburban,2
355193.0,809.0,5,2,63.0,9525,2,0,Suburban,6
456637.0,1710.0,5,2,60.0,3838,0,0,Suburban,3
560978.0,2194.0,2,4,39.0,3339,2,1,Rural,7
986255.0,4091.0,2,1,26.0,16338,2,0,Downtown,5
903173.0,4172.0,5,3,31.0,3087,1,0,Downtown,6
372360.0,1187.0,2,2,34.0,13148,0,0,Suburban,5
922446.0,3815.0,1,2,18.0,17487,2,1,Downtown,4
392881.0,972.0,4,2,53.0,16351,0,0,Suburban,4
828366.0,3307.0,5,3,17.0,10644,1,0,Suburban,7
849764.0,3652.0,5,2,55.0,5469,2,0,Rural,6
914764.0,3812.0,5,1,63.0,20579,2,0,Rural,6
452541.0,1443.0,1,3,81.0,18620,0,0,Suburban,6
934126.0,3821.0,4,1,10.0,14050,2,0,Rural,3
380839.0,1061.0,5,4,64.0,3278,0,0,Downtown,10
656911.0,2491.0,4,1,7.0,2221,2,1,Suburban,6
654554.0,2316.0,5,2,28.0,7962,1,0,Downtown,8
566743.0,1771.0,5,3,14.0,4729,0,0,Rural,9
550797.0,728.0,3,4,13.0,19137,1,0,Rural,10
798369.0,3390.0,1,4,14.0,5719,0,0,Waterfront,7
646169.0,1841.0,3,4,3.0,7294,2,0,Rural,8
814465.0,,2,2,69.0,21502,0,0,Waterfront,5
659449.0,2106.0,1,3,5.0,18274,0,0,Downtown,8
521393.0,1976.0,1,3,33.0,5983,1,0,Waterfront,4
920463.0,3796.0,4,4,59.0,9362,2,0,Suburban,8
299284.0,985.0,3,4,84.0,12072,1,0,Suburban,1
796281.0,3264.0,3,4,72.0,15117,1,0,Suburban,10
862502.0,3301.0,4,4,11.0,20691,1,0,Suburban,3
636563.0,1998.0,3,4,83.0,19358,2,0,Downtown,7
518840.0,1581.0,4,3,55.0,21532,1,0,Downtown,1
310458.0,668.0,1,4,15.0,2333,2,0,Downtown,2
976313.0,3975.0,5,2,38.0,6345,2,0,Suburban,10
956285.0,,3,2,78.0,13041,2,1,Rural,9
444137.0,1505.0,1,4,33.0,2506,2,1,Suburban,3
378766.0,763.0,5,3,15.0,8784,2,0,Suburban,2
371771.0,1085.0,4,1,74.0,4648,0,0,Suburban,9
467333.0,890.0,1,4,81.0,20624,2,0,Suburban,10
645247.0,3600.0,1,2,82.0,2798,2,0,Downtown,2
744229.0,3816.0,1,4,81.0,4542,0,0,Rural,7
369706.0,1194.0,2,4,74.0,5500,2,0,Downtown,3
749308.0,3300.0,1,2,38.0,4546,0,1,Suburban,8
528974.0,1286.0,4,3,16.0,13155,1,0,Rural,5
549738.0,1953.0,3,4,52.0,8969,2,0,Suburban,2
795704.0,2777.0,5,4,18.0,20205,0,0,Rural,4
740623.0,3205.0,4,1,40.0,6846,1,0,Downtown,6
910571.0,3754.0,4,4,55.0,12512,2,1,Rural,8
316952.0,808.0,3,4,80.0,15031,1,0,Rural,1
562121.0,1347.0,1,4,24.0,14332,2,1,Rural,10
527280.0,1645.0,1,2,21.0,17825,0,0,Suburban,7
462432.0,1751.0,4,2,62.0,5638,2,0,Rural,9
1013753.0,4192.0,1,4,0.0,11902,2,0,Waterfront,10
799732.0,3409.0,1,2,48.0,17911,2,0,Suburban,2
477685.0,1787.0,2,3,63.0,19191,0,0,Rural,1
977753.0,4099.0,5,2,46.0,14164,2,0,Rural,8
640696.0,,3,1,32.0,14863,1,0,Suburban,2
586655.0,2427.0,4,1,70.0,19214,1,0,Waterfront,2
565153.0,2189.0,3,2,31.0,14309,1,0,Suburban,5
478155.0,1160.0,1,4,60.0,20951,1,0,Suburban,10
864570.0,3967.0,2,1,39.0,4115,1,0,Downtown,8
416849.0,699.0,1,3,2.0,8631,1,0,Downtown,6
364152.0,1268.0,4,1,45.0,3799,0,0,Rural,2
425148.0,1465.0,1,4,4.0,3356,2,0,Suburban,4
424358.0,1641.0,2,2,79.0,11174,0,0,Suburban,7
370480.0,1117.0,5,4,,6131,0,0,Downtown,2
386023.0,713.0,3,3,31.0,9846,1,1,Suburban,6
729928.0,3055.0,3,4,41.0,10475,1,0,Rural,1
895783.0,4091.0,3,3,52.0,14228,1,1,Rural,4
508201.0,1082.0,4,2,22.0,20886,2,0,Downtown,3
585535.0,1702.0,2,4,24.0,18912,0,0,Suburban,7
686807.0,2447.0,4,3,35.0,9255,0,0,Suburban,10
873776.0,,5,4,21.0,8174,1,0,Suburban,2
805825.0,3114.0,3,4,64.0,17300,2,0,Suburban,8
722774.0,3369.0,3,4,8.0,4034,1,0,Suburban,7
652583.0,2712.0,1,3,70.0,12579,1,0,Suburban,10
594379.0,2130.0,2,2,29.0,10171,1,0,Suburban,10
416690.0,1359.0,5,4,47.0,5247,2,0,Suburban,2
927369.0,3718.0,3,3,13.0,14137,1,0,Suburban,8
831435.0,3504.0,2,4,32.0,8075,2,0,Rural,6
212525.0,739.0,3,2,64.0,5304,2,0,Rural,2
798349.0,3189.0,3,4,23.0,14890,0,1,Suburban,3
363669.0,949.0,3,2,11.0,5071,0,0,Rural,10
854104.0,3273.0,4,1,44.0,15293,2,1,Rural,6
724157.0,3582.0,2,2,13.0,4822,0,0,Downtown,4
445790.0,1115.0,4,4,26.0,10412,1,0,Suburban,4
630779.0,2190.0,3,2,38.0,18063,0,0,Downtown,9
375594.0,1089.0,5,1,47.0,6187,1,0,Rural,3
619749.0,2663.0,1,2,54.0,17236,0,0,Downtown,2
883569.0,,1,4,57.0,16299,1,0,Suburban,6
423319.0,937.0,3,3,71.0,20004,2,0,Downtown,10
557403.0,2061.0,3,4,5.0,4961,2,1,Suburban,2
966561.0,4104.0,4,4,30.0,16159,2,0,Waterfront,3
600051.0,1718.0,3,3,0.0,20701,0,0,Suburban,5
494045.0,1119.0,5,4,0.0,17141,1,0,Rural,2
620449.0,2384.0,3,2,18.0,5352,0,0,Waterfront,7
630170.0,2454.0,1,1,50.0,18354,2,0,Rural,3
570248.0,3003.0,1,1,76.0,3699,2,0,Downtown,2
497786.0,1763.0,5,4,65.0,13571,0,0,Rural,3
921604.0,4042.0,1,4,54.0,11701,1,0,Downtown,10
699131.0,2499.0,5,3,66.0,12387,1,0,Suburban,10
583528.0,1666.0,2,1,14.0,12150,1,0,Rural,6
768479.0,4059.0,1,3,71.0,2145,1,0,Suburban,5
849429.0,,2,2,75.0,11917,0,1,Suburban,9
731525.0,2422.0,4,1,8.0,20703,1,1,Suburban,2
350067.0,738.0,3,1,39.0,10451,1,0,Rural,7
678456.0,2769.0,4,4,70.0,7176,2,0,Suburban,7
725360.0,2620.0,4,1,40.0,21893,2,0,Suburban,8
348323.0,1176.0,3,4,71.0,3529,2,0,Rural,3
648293.0,2900.0,4,3,,11468,0,0,Downtown,8
848908.0,3634.0,5,3,40.0,12008,2,0,Downtown,7
451655.0,1025.0,3,3,5.0,11297,1,0,Suburban,9
783147.0,3217.0,1,4,28.0,20395,1,1,Waterfront,2
502406.0,1148.0,3,3,18.0,10146,2,0,Downtown,7
941757.0,3308.0,5,1,40.0,21452,2,1,Downtown,9
436519.0,2137.0,2,2,49.0,2869,0,0,Downtown,3
446847.0,673.0,5,4,39.0,16545,1,1,Rural,8
875797.0,4080.0,3,2,16.0,13655,2,0,Downtown,1
447638.0,1239.0,4,3,25.0,6431,1,0,Suburban,8
641315.0,2765.0,2,2,57.0,6173,0,1,Waterfront,7
577977.0,1294.0,5,4,2.0,16253,1,1,Downtown,2
862846.0,3962.0,1,1,18.0,14570,2,0,Suburban,1
783498.0,3271.0,2,4,75.0,14028,0,0,Suburban,8
766783.0,3505.0,3,4,8.0,2542,2,0,Rural,3
601808.0,2183.0,3,3,35.0,13756,2,0,Suburban,5
704476.0,2309.0,3,1,17.0,21618,2,0,Suburban,1
764442.0,2901.0,1,4,8.0,1855,0,1,Downtown,10
786022.0,3435.0,2,2,35.0,11114,0,0,Rural,6
850980.0,3656.0,1,3,44.0,11634,1,0,Rural,10
334174.0,713.0,3,2,14.0,19883,1,0,Downtown,2
635354.0,3005.0,2,1,,7298,1,0,Suburban,3
484440.0,1037.0,3,3,11.0,11249,2,0,Rural,7
544224.0,1672.0,3,2,55.0,16202,2,0,Downtown,7
705036.0,3594.0,4,2,73.0,2736,0,0,Downtown,8
615898.0,1539.0,3,2,,17922,2,0,Suburban,10
899505.0,3478.0,4,2,27.0,18355,0,1,Suburban,9
665079.0,2293.0,3,3,29.0,16252,1,0,Downtown,2
524126.0,1475.0,4,4,30.0,14787,0,1,Suburban,4
677570.0,1836.0,4,2,20.0,16826,1,0,Downtown,10
735727.0,2534.0,2,1,4.0,17526,2,0,Suburban,6
837917.0,3366.0,2,1,,20019,1,0,Suburban,9
791240.0,2801.0,4,4,30.0,10277,2,0,Suburban,6
801634.0,3962.0,2,3,29.0,10849,0,0,Downtown,1
973590.0,3730.0,3,2,22.0,14577,1,0,Rural,5
705308.0,3324.0,1,1,78.0,5458,1,0,Downtown,9
784274.0,2791.0,3,3,51.0,19052,2,0,Rural,7
573752.0,1678.0,3,3,35.0,17295,2,0,Suburban,2
678232.0,2114.0,4,2,17.0,14436,1,0,Rural,3
400875.0,1072.0,3,4,,7683,0,0,Downtown,9
491246.0,1978.0,2,4,75.0,8627,1,0,Downtown,10
983360.0,3938.0,5,2,2.0,10416,0,0,Suburban,8
539109.0,2161.0,3,4,79.0,15081,1,0,Downtown,1
494045.0,1119.0,5,4,0.0,17141,1,0,Rural,2
560607.0,,4,2,27.0,15044,0,0,Downtown,4
380839.0,1061.0,5,4,64.0,3278,0,0,Downtown,10
412366.0,730.0,1,4,83.0,21253,1,1,Waterfront,7
692455.0,2747.0,2,1,83.0,21153,2,0,Downtown,6
604940.0,2279.0,2,3,77.0,13746,2,0,Rural,4
378113.0,856.0,5,4,72.0,8279,0,0,Suburban,10
966561.0,4104.0,4,4,30.0,16159,2,0,Waterfront,3
